Workbook

Sheet Đọc trước
B1: Kỹ năng cần có để thi DELF và DALF
B2: Bản đồ bài tập cho thẻ Luyện tập của FRACILE, lập ngày 31/10/2026
B4: Cách xem file này
B5: Tab Tổng quan | C5: Xem nhanh mỗi trình độ thi gì, cần bao nhiêu kỹ năng nhỏ, bao nhiêu bài, đang thiếu bao nhiêu.
B6: Tab A1 đến C2 | C6: Mỗi tab là một trình độ. Mỗi dòng là MỘT kỹ năng nhỏ học sinh cần có.
B7: Bộ lọc | C7: Bấm mũi tên ở dòng tiêu đề của tab để lọc riêng Nghe, Đọc, Viết hoặc Nói.
B9: Ý nghĩa từng cột
B10: Kỹ năng lớn | C10: Nghe, Đọc, Viết hoặc Nói.
B11: Mã | C11: Tên riêng của kỹ năng nhỏ. Ví dụ A1-CO-4 là kỹ năng số 4 của phần Nghe A1. CO: Nghe, CE: Đọc, PE: Viết, PO: Nói.
B12: Kỹ năng nhỏ cần có | C12: Việc cụ thể học sinh phải làm được.
B13: Luyện bằng bài tập gì | C13: Nội dung bài tập sẽ soạn.
B14: Dạng bài trong app | C14: Học sinh làm bài theo cách nào trên FRACILE.
B15: Số bài | C15: Số bài tập nên có cho kỹ năng đó.
B16: Dùng ở phần nào của đề | C16: Kỹ năng này lấy điểm ở đâu trong đề.
B17: Điểm hoặc tiêu chí chấm | C17: Số trong ngoặc là điểm tối đa của tiêu chí đó.
B18: Luyện xong làm được gì | C18: Kết quả học sinh đạt được cho kỳ thi.
B19: App làm được chưa | C19: Xanh: làm được bằng tính năng hiện có. Vàng: cần xây thêm trước khi có bài.
B21: Ví dụ đọc một dòng
B22: A1-CO-4: học sinh phải nhận ra tình huống hội thoại. Bài tập là ghép 4 hội thoại với 6 hình. Kỹ năng này lấy điểm ở Bài 4 (8 điểm). Luyện xong thì đoán đúng người nói đang ở đâu, đang làm gì, dù không hiểu hết từ.
B24: Cần lưu ý
B25: Format A1, B1, B2 | C25: Theo bảng docs/format-de-thi-DELF-A1-B2.xlsx, có nguồn chính thức.
B26: Format A2 | C26: Từ tài liệu luyện thi, chưa đối chiếu sujet mẫu của FEI.
B27: Format C1, C2 | C27: Tổng hợp từ các trang luyện thi và hiểu biết chung, trang FEI chặn truy cập tự động. Cần đối chiếu trước khi soạn, nhất là số từ, thời lượng và điểm sàn C2.
B28: Điểm tiêu chí | C28: A1 đến B2 lấy từ thang chấm trong app. C1 Viết là thang rút gọn của app, không phải grille chính thức. C2 chưa có thang chấm.
B29: Số bài | C29: Là đề xuất để lập kế hoạch, không phải quy định của kỳ thi.
B30: Làm xong không bảo đảm đậu | C30: Cột cuối mô tả năng lực luyện được, không phải dự đoán điểm thi.
B31: Số bài đang có | C31: Đo trên database thật ngày 31/10/2026, chỉ đếm bốn kỹ năng, chưa rà xem từng bài có khớp kỹ năng nhỏ không. Số màu xanh dương ở tab Tổng quan là số nhập tay, sửa được.

Sheet Tổng quan
A1: Tổng quan kỹ năng thi DELF và DALF
A2: 6 trình độ × 4 kỹ năng. Các cột số tự cộng từ tab từng trình độ.
A4: Trình độ | B4: Bằng | C4: Thời gian thi | D4: Điều kiện đậu
A5: A1 | B5: DELF | C5: Thi viết 1 giờ 20, nói 5–7 phút | D5: Từ 50/100, mỗi kỹ năng từ 5/25
A6: A2 | B6: DELF | C6: Thi viết 1 giờ 40, nói 6–8 phút | D6: Từ 50/100, mỗi kỹ năng từ 5/25
A7: B1 | B7: DELF | C7: Thi viết 1 giờ 55, nói 10–15 phút | D7: Từ 50/100, mỗi kỹ năng từ 5/25
A8: B2 | B8: DELF | C8: Thi viết 2 giờ 30, nói 20 phút | D8: Từ 50/100, mỗi kỹ năng từ 5/25
A9: C1 | B9: DALF | C9: Thi viết 4 giờ, nói 30 phút | D9: Từ 50/100, mỗi kỹ năng từ 5/25
A10: C2 | B10: DALF | C10: Viết 3 giờ 30, nói 30 phút (1 giờ chuẩn bị) | D10: Từ 50/100, mỗi phần từ 10/50
A12: Trình độ | B12: Kỹ năng lớn | C12: Thời gian, điểm | D12: Đề thi gồm gì | E12: Số kỹ năng nhỏ | F12: Bài cần có | G12: Bài đang có | H12: Cần soạn thêm | I12: Tình hình
A13: A1 | B13: Nghe | C13: 20 phút, 25 điểm | D13: 5 bài (4+4+4+8+5 điểm), mỗi bài nghe 2 lần, tổng audio tối đa 3 phút | E13: =COUNTIFS('A1'!$A$5:$A$28,B13,'A1'!$B$5:$B$28,"<>*-T3") -> 5 | F13: =SUMIFS('A1'!$F$5:$F$28,'A1'!$A$5:$A$28,B13) -> 12 | G13: 3 | H13: =MAX(0,F13-G13) -> 9 | I13: =IF(G13=0,"Chưa có bài",IF(H13=0,"Đủ","Còn thiếu")) -> Còn thiếu
A14: A1 | B14: Đọc | C14: 30 phút, 25 điểm | D14: 4 bài (6+6+6+7 điểm): tin nhắn, chỉ dẫn đường, lịch, quảng cáo | E14: =COUNTIFS('A1'!$A$5:$A$28,B14,'A1'!$B$5:$B$28,"<>*-T3") -> 5 | F14: =SUMIFS('A1'!$F$5:$F$28,'A1'!$A$5:$A$28,B14) -> 12 | G14: 0 | H14: =MAX(0,F14-G14) -> 12 | I14: =IF(G14=0,"Chưa có bài",IF(H14=0,"Đủ","Còn thiếu")) -> Chưa có bài
A15: A1 | B15: Viết | C15: 30 phút, 25 điểm | D15: Phiếu 10 ô (10 điểm) + thư từ 40 từ (15 điểm) | E15: =COUNTIFS('A1'!$A$5:$A$28,B15,'A1'!$B$5:$B$28,"<>*-T3") -> 5 | F15: =SUMIFS('A1'!$F$5:$F$28,'A1'!$A$5:$A$28,B15) -> 10 | G15: 0 | H15: =MAX(0,F15-G15) -> 10 | I15: =IF(G15=0,"Chưa có bài",IF(H15=0,"Đủ","Còn thiếu")) -> Chưa có bài
A16: A1 | B16: Nói | C16: 5–7 phút, 25 điểm, 10 phút chuẩn bị | D16: 3 phần: trả lời về bản thân, hỏi từ thẻ gợi ý, nhập vai mua bán | E16: =COUNTIFS('A1'!$A$5:$A$28,B16,'A1'!$B$5:$B$28,"<>*-T3") -> 5 | F16: =SUMIFS('A1'!$F$5:$F$28,'A1'!$A$5:$A$28,B16) -> 10 | G16: 0 | H16: =MAX(0,F16-G16) -> 10 | I16: =IF(G16=0,"Chưa có bài",IF(H16=0,"Đủ","Còn thiếu")) -> Chưa có bài
A17: A2 | B17: Nghe | C17: 25 phút, 25 điểm | D17: Khoảng 14 tài liệu ngắn, khoảng 20 câu chọn đáp án | E17: =COUNTIFS('A2'!$A$5:$A$27,B17,'A2'!$B$5:$B$27,"<>*-T3") -> 5 | F17: =SUMIFS('A2'!$F$5:$F$27,'A2'!$A$5:$A$27,B17) -> 12 | G17: 1 | H17: =MAX(0,F17-G17) -> 11 | I17: =IF(G17=0,"Chưa có bài",IF(H17=0,"Đủ","Còn thiếu")) -> Còn thiếu
A18: A2 | B18: Đọc | C18: 30 phút, 25 điểm | D18: Tài liệu đời sống, khoảng 15–20 câu | E18: =COUNTIFS('A2'!$A$5:$A$27,B18,'A2'!$B$5:$B$27,"<>*-T3") -> 5 | F18: =SUMIFS('A2'!$F$5:$F$27,'A2'!$A$5:$A$27,B18) -> 14 | G18: 12 | H18: =MAX(0,F18-G18) -> 2 | I18: =IF(G18=0,"Chưa có bài",IF(H18=0,"Đủ","Còn thiếu")) -> Còn thiếu
A19: A2 | B19: Viết | C19: 45 phút, 25 điểm | D19: 2 bài, mỗi bài từ 60 từ: kể trải nghiệm + viết thư | E19: =COUNTIFS('A2'!$A$5:$A$27,B19,'A2'!$B$5:$B$27,"<>*-T3") -> 6 | F19: =SUMIFS('A2'!$F$5:$F$27,'A2'!$A$5:$A$27,B19) -> 10 | G19: 0 | H19: =MAX(0,F19-G19) -> 10 | I19: =IF(G19=0,"Chưa có bài",IF(H19=0,"Đủ","Còn thiếu")) -> Chưa có bài
A20: A2 | B20: Nói | C20: 6–8 phút, 25 điểm, 10 phút chuẩn bị | D20: 3 phần: trò chuyện, độc thoại, nhập vai | E20: =COUNTIFS('A2'!$A$5:$A$27,B20,'A2'!$B$5:$B$27,"<>*-T3") -> 3 | F20: =SUMIFS('A2'!$F$5:$F$27,'A2'!$A$5:$A$27,B20) -> 10 | G20: 0 | H20: =MAX(0,F20-G20) -> 10 | I20: =IF(G20=0,"Chưa có bài",IF(H20=0,"Đủ","Còn thiếu")) -> Chưa có bài
A21: B1 | B21: Nghe | C21: 25 phút, 25 điểm | D21: Hội thoại và radio, mỗi bài 5–8 câu, câu đầu thường hỏi ý tổng quát | E21: =COUNTIFS('B1'!$A$5:$A$29,B21,'B1'!$B$5:$B$29,"<>*-T3") -> 6 | F21: =SUMIFS('B1'!$F$5:$F$29,'B1'!$A$5:$A$29,B21) -> 14 | G21: 9 | H21: =MAX(0,F21-G21) -> 5 | I21: =IF(G21=0,"Chưa có bài",IF(H21=0,"Đủ","Còn thiếu")) -> Còn thiếu
A22: B1 | B22: Đọc | C22: 45 phút, 25 điểm | D22: 2–3 bài: tìm thông tin + bảng tick, bài báo | E22: =COUNTIFS('B1'!$A$5:$A$29,B22,'B1'!$B$5:$B$29,"<>*-T3") -> 5 | F22: =SUMIFS('B1'!$F$5:$F$29,'B1'!$A$5:$A$29,B22) -> 12 | G22: 5 | H22: =MAX(0,F22-G22) -> 7 | I22: =IF(G22=0,"Chưa có bài",IF(H22=0,"Đủ","Còn thiếu")) -> Còn thiếu
A23: B1 | B23: Viết | C23: 45 phút, 25 điểm | D23: 1 bài từ 160 từ, bày tỏ quan điểm | E23: =COUNTIFS('B1'!$A$5:$A$29,B23,'B1'!$B$5:$B$29,"<>*-T3") -> 6 | F23: =SUMIFS('B1'!$F$5:$F$29,'B1'!$A$5:$A$29,B23) -> 12 | G23: 4 | H23: =MAX(0,F23-G23) -> 8 | I23: =IF(G23=0,"Chưa có bài",IF(H23=0,"Đủ","Còn thiếu")) -> Còn thiếu
A24: B1 | B24: Nói | C24: 10–15 phút, 25 điểm, 10 phút chuẩn bị phần 3 | D24: 3 phần: trò chuyện, xử lý tình huống, trình bày quan điểm từ tài liệu | E24: =COUNTIFS('B1'!$A$5:$A$29,B24,'B1'!$B$5:$B$29,"<>*-T3") -> 4 | F24: =SUMIFS('B1'!$F$5:$F$29,'B1'!$A$5:$A$29,B24) -> 12 | G24: 0 | H24: =MAX(0,F24-G24) -> 12 | I24: =IF(G24=0,"Chưa có bài",IF(H24=0,"Đủ","Còn thiếu")) -> Chưa có bài
A25: B2 | B25: Nghe | C25: 30 phút, 25 điểm | D25: 3 bài (9+9+7 điểm): 2 tài liệu dài nghe 2 lần, 3 tài liệu ngắn nghe 1 lần | E25: =COUNTIFS('B2'!$A$5:$A$27,B25,'B2'!$B$5:$B$27,"<>*-T3") -> 5 | F25: =SUMIFS('B2'!$F$5:$F$27,'B2'!$A$5:$A$27,B25) -> 12 | G25: 3 | H25: =MAX(0,F25-G25) -> 9 | I25: =IF(G25=0,"Chưa có bài",IF(H25=0,"Đủ","Còn thiếu")) -> Còn thiếu
A26: B2 | B26: Đọc | C26: 60 phút, 25 điểm | D26: 3 bài (9+9+7 điểm), câu A/B/C, bài 3 ghép ý kiến diễn đàn | E26: =COUNTIFS('B2'!$A$5:$A$27,B26,'B2'!$B$5:$B$27,"<>*-T3") -> 5 | F26: =SUMIFS('B2'!$F$5:$F$27,'B2'!$A$5:$A$27,B26) -> 12 | G26: 2 | H26: =MAX(0,F26-G26) -> 10 | I26: =IF(G26=0,"Chưa có bài",IF(H26=0,"Đủ","Còn thiếu")) -> Còn thiếu
A27: B2 | B27: Viết | C27: 60 phút, 25 điểm | D27: 1 bài từ 250 từ, nghị luận | E27: =COUNTIFS('B2'!$A$5:$A$27,B27,'B2'!$B$5:$B$27,"<>*-T3") -> 5 | F27: =SUMIFS('B2'!$F$5:$F$27,'B2'!$A$5:$A$27,B27) -> 12 | G27: 3 | H27: =MAX(0,F27-G27) -> 9 | I27: =IF(G27=0,"Chưa có bài",IF(H27=0,"Đủ","Còn thiếu")) -> Còn thiếu
A28: B2 | B28: Nói | C28: 20 phút, 25 điểm, 30 phút chuẩn bị | D28: Độc thoại bảo vệ quan điểm từ tài liệu gợi ý + tranh luận với giám khảo | E28: =COUNTIFS('B2'!$A$5:$A$27,B28,'B2'!$B$5:$B$27,"<>*-T3") -> 4 | F28: =SUMIFS('B2'!$F$5:$F$27,'B2'!$A$5:$A$27,B28) -> 12 | G28: 0 | H28: =MAX(0,F28-G28) -> 12 | I28: =IF(G28=0,"Chưa có bài",IF(H28=0,"Đủ","Còn thiếu")) -> Chưa có bài
A29: C1 | B29: Nghe | C29: 40 phút, 25 điểm | D29: 1 tài liệu dài khoảng 8 phút + các tài liệu ngắn nghe 1 lần | E29: =COUNTIFS('C1'!$A$5:$A$28,B29,'C1'!$B$5:$B$28,"<>*-T3") -> 5 | F29: =SUMIFS('C1'!$F$5:$F$28,'C1'!$A$5:$A$28,B29) -> 12 | G29: 0 | H29: =MAX(0,F29-G29) -> 12 | I29: =IF(G29=0,"Chưa có bài",IF(H29=0,"Đủ","Còn thiếu")) -> Chưa có bài
A30: C1 | B30: Đọc | C30: 50 phút, 25 điểm | D30: 1 văn bản nghị luận hoặc văn học dài, câu hỏi hiểu sâu | E30: =COUNTIFS('C1'!$A$5:$A$28,B30,'C1'!$B$5:$B$28,"<>*-T3") -> 5 | F30: =SUMIFS('C1'!$F$5:$F$28,'C1'!$A$5:$A$28,B30) -> 12 | G30: 1 | H30: =MAX(0,F30-G30) -> 11 | I30: =IF(G30=0,"Chưa có bài",IF(H30=0,"Đủ","Còn thiếu")) -> Còn thiếu
A31: C1 | B31: Viết | C31: 2 giờ 30, 25 điểm | D31: Tổng hợp nhiều tài liệu + bài luận (app đang dùng thang rút gọn cho bài luận) | E31: =COUNTIFS('C1'!$A$5:$A$28,B31,'C1'!$B$5:$B$28,"<>*-T3") -> 6 | F31: =SUMIFS('C1'!$F$5:$F$28,'C1'!$A$5:$A$28,B31) -> 14 | G31: 0 | H31: =MAX(0,F31-G31) -> 14 | I31: =IF(G31=0,"Chưa có bài",IF(H31=0,"Đủ","Còn thiếu")) -> Chưa có bài
A32: C1 | B32: Nói | C32: 30 phút, 25 điểm, 1 giờ chuẩn bị | D32: Trình bày từ nhiều tài liệu + trao đổi với hội đồng | E32: =COUNTIFS('C1'!$A$5:$A$28,B32,'C1'!$B$5:$B$28,"<>*-T3") -> 4 | F32: =SUMIFS('C1'!$F$5:$F$28,'C1'!$A$5:$A$28,B32) -> 12 | G32: 0 | H32: =MAX(0,F32-G32) -> 12 | I32: =IF(G32=0,"Chưa có bài",IF(H32=0,"Đủ","Còn thiếu")) -> Chưa có bài
A33: C2 | B33: Nghe | C33: Chung phần Nghe + Nói: 30 phút, 50 điểm | D33: Nghe tài liệu dài 2 lần rồi trình bày lại (cùng bài với Nói) | E33: =COUNTIFS('C2'!$A$5:$A$21,B33,'C2'!$B$5:$B$21,"<>*-T3") -> 4 | F33: =SUMIFS('C2'!$F$5:$F$21,'C2'!$A$5:$A$21,B33) -> 10 | G33: 0 | H33: =MAX(0,F33-G33) -> 10 | I33: =IF(G33=0,"Chưa có bài",IF(H33=0,"Đủ","Còn thiếu")) -> Chưa có bài
A34: C2 | B34: Đọc | C34: Chung phần Đọc + Viết: 3 giờ 30, 50 điểm | D34: Đọc một bộ tài liệu dài rồi viết bài có cấu trúc (cùng bài với Viết) | E34: =COUNTIFS('C2'!$A$5:$A$21,B34,'C2'!$B$5:$B$21,"<>*-T3") -> 3 | F34: =SUMIFS('C2'!$F$5:$F$21,'C2'!$A$5:$A$21,B34) -> 10 | G34: 0 | H34: =MAX(0,F34-G34) -> 10 | I34: =IF(G34=0,"Chưa có bài",IF(H34=0,"Đủ","Còn thiếu")) -> Chưa có bài
A35: C2 | B35: Viết | C35: Chung phần Đọc + Viết: 3 giờ 30, 50 điểm | D35: Viết bài có cấu trúc: xã luận, báo cáo, diễn văn, bài báo | E35: =COUNTIFS('C2'!$A$5:$A$21,B35,'C2'!$B$5:$B$21,"<>*-T3") -> 3 | F35: =SUMIFS('C2'!$F$5:$F$21,'C2'!$A$5:$A$21,B35) -> 10 | G35: 0 | H35: =MAX(0,F35-G35) -> 10 | I35: =IF(G35=0,"Chưa có bài",IF(H35=0,"Đủ","Còn thiếu")) -> Chưa có bài
A36: C2 | B36: Nói | C36: Chung phần Nghe + Nói: 30 phút, 50 điểm, 1 giờ chuẩn bị | D36: Tóm tắt tài liệu nghe, phát triển quan điểm, tranh luận với hội đồng | E36: =COUNTIFS('C2'!$A$5:$A$21,B36,'C2'!$B$5:$B$21,"<>*-T3") -> 3 | F36: =SUMIFS('C2'!$F$5:$F$21,'C2'!$A$5:$A$21,B36) -> 10 | G36: 0 | H36: =MAX(0,F36-G36) -> 10 | I36: =IF(G36=0,"Chưa có bài",IF(H36=0,"Đủ","Còn thiếu")) -> Chưa có bài
A37: Tổng | E37: =SUM(E13:E36) -> 112 | F37: =SUM(F13:F36) -> 278 | G37: =SUM(G13:G36) -> 43 | H37: =SUM(H13:H36) -> 235

Sheet A1
A1: DELF A1: kỹ năng nhỏ cần có
A2: Xử lý được thông tin rất cụ thể về bản thân và đời sống hằng ngày.
A3: Thi viết 1 giờ 20, nói 5–7 phút. Điều kiện đậu: Từ 50/100, mỗi kỹ năng từ 5/25.
A4: Kỹ năng lớn | B4: Mã | C4: Kỹ năng nhỏ cần có | D4: Luyện bằng bài tập gì | E4: Dạng bài trong app | F4: Số bài | G4: Dùng ở phần nào của đề | H4: Điểm hoặc tiêu chí chấm | I4: Luyện xong làm được gì | J4: App làm được chưa
A5: Nghe | B5: A1-CO-1 | C5: Nghe số, giờ, ngày, giá | D5: Nghe rồi chọn hoặc gõ con số | E5: Chọn đáp án, Điền từ | F5: 2 | G5: Bài 1, 2, 3 | H5: Mỗi câu chi tiết | I5: Không mất điểm oan vì nghe nhầm số, giờ, ngày | J5: Làm được ngay
A6: Nghe | B6: A1-CO-2 | C6: Hiểu tin nhắn thoại: ai, việc gì, khi nào | D6: Nghe tin nhắn ngắn, trả lời bằng chữ hoặc hình | E6: Chọn đáp án | F6: 2 | G6: Bài 1, 3 | H6: Bài 1 và 3: 4 điểm mỗi bài | I6: Nghe một tin nhắn và nói lại được ai hẹn gì, lúc nào | J6: Làm được ngay
A7: Nghe | B7: A1-CO-3 | C7: Hiểu thông báo nơi công cộng | D7: Nghe thông báo ở ga tàu, siêu thị, trường học | E7: Chọn đáp án | F7: 2 | G7: Bài 2 | H7: 4 điểm | I7: Lấy được thông tin chính từ thông báo: giờ, nơi, việc cần làm | J7: Làm được ngay
A8: Nghe | B8: A1-CO-4 | C8: Nhận ra tình huống hội thoại | D8: Ghép 4 hội thoại với 6 hình | E8: Ghép cặp | F8: 2 | G8: Bài 4 | H8: 8 điểm | I8: Đoán đúng người nói đang ở đâu, đang làm gì, dù không hiểu hết từ | J8: Làm được, cần kiểm hình
A9: Nghe | B9: A1-CO-5 | C9: Nhận ra đồ vật được nhắc tới | D9: Nghe tin nhắn, chọn Có/Không cho 5 đồ vật | E9: Đúng/Sai | F9: 2 | G9: Bài 5 | H9: 5 điểm | I9: Nhận ra từ quen khi nghe trong câu nói tự nhiên | J9: Làm được ngay
A10: Nghe | B10: A1-CO-T3 | C10: Làm trọn phần thi có đồng hồ | D10: Mô phỏng phần Nghe: đúng giờ, đúng luật, không gợi ý | E10: Phần thi thu nhỏ | F10: 2 | G10: Cả phần thi | H10: Quy về thang điểm của đề | I10: Biết mình đang ở mức bao nhiêu điểm trước khi thi thử thật | J10: Cần thêm tính năng
A11: Đọc | B11: A1-CE-1 | C11: Tìm ai, ở đâu, khi nào trong tin nhắn | D11: Đọc tin nhắn, email của bạn bè | E11: Chọn đáp án, Điền từ | F11: 2 | G11: Bài 1 | H11: 6 điểm | I11: Đọc tin nhắn ngắn và biết mình cần làm gì | J11: Làm được ngay
A12: Đọc | B12: A1-CE-2 | C12: Đọc chỉ dẫn đường | D12: Nối chỉ dẫn với sơ đồ | E12: Chọn đáp án | F12: 2 | G12: Bài 2 | H12: 6 điểm | I12: Đi theo chỉ dẫn viết: rẽ trái, đi thẳng, đối diện | J12: Làm được ngay
A13: Đọc | B13: A1-CE-3 | C13: Đọc lịch, thời gian biểu | D13: Tra bảng giờ, lịch hoạt động | E13: Chọn đáp án, Bảng tick | F13: 2 | G13: Bài 3 | H13: 6 điểm | I13: Tra đúng ngày giờ trong bảng | J13: Làm được ngay
A14: Đọc | B14: A1-CE-4 | C14: Đọc quảng cáo, tờ thông tin | D14: Tìm giá, địa chỉ, giờ mở cửa | E14: Chọn đáp án, Điền từ | F14: 2 | G14: Bài 4 | H14: 7 điểm | I14: Tìm nhanh thông tin cần trong một tờ quảng cáo | J14: Làm được ngay
A15: Đọc | B15: A1-CE-5 | C15: Chép đúng thông tin khi trả lời ngắn | D15: Trả lời bằng đúng từ trong tài liệu | E15: Điền từ | F15: 2 | G15: Câu trả lời ngắn | H15: Mỗi câu ngắn | I15: Trả lời gọn, chép đúng chính tả | J15: Làm được ngay
A16: Đọc | B16: A1-CE-T3 | C16: Làm trọn phần thi có đồng hồ | D16: Mô phỏng phần Đọc: đúng giờ, đúng luật, không gợi ý | E16: Phần thi thu nhỏ | F16: 2 | G16: Cả phần thi | H16: Quy về thang điểm của đề | I16: Biết mình đang ở mức bao nhiêu điểm trước khi thi thử thật | J16: Cần thêm tính năng
... A28: Nói | B28: A1-PO-T3 | C28: Làm trọn phần thi có đồng hồ | D28: Mô phỏng phần Nói: đúng giờ, đúng luật, không gợi ý | E28: Phần thi thu nhỏ | F28: 2 | G28: Cả phần thi | H28: Quy về thang điểm của đề | I28: Biết mình đang ở mức bao nhiêu điểm trước khi thi thử thật | J28: Cần thêm tính năng
A29: Tổng | F29: =SUM(F5:F28) -> 44

Sheet A2
A1: DELF A2: kỹ năng nhỏ cần có
A2: Xử lý được việc quen thuộc, kể lại được chuyện đã xảy ra.
A3: Thi viết 1 giờ 40, nói 6–8 phút. Điều kiện đậu: Từ 50/100, mỗi kỹ năng từ 5/25.
A4: Kỹ năng lớn | B4: Mã | C4: Kỹ năng nhỏ cần có | D4: Luyện bằng bài tập gì | E4: Dạng bài trong app | F4: Số bài | G4: Dùng ở phần nào của đề | H4: Điểm hoặc tiêu chí chấm | I4: Luyện xong làm được gì | J4: App làm được chưa
A5: Nghe | B5: A2-CO-1 | C5: Hiểu thông báo công cộng | D5: Nghe thông báo giao thông, cửa hàng | E5: Chọn đáp án | F5: 2 | G5: Bài 1 | H5: Mỗi câu | I5: Lấy được thông tin chính từ thông báo | J5: Làm được ngay
A6: Nghe | B6: A2-CO-2 | C6: Hiểu tin nhắn, bản tin ngắn | D6: Lấy ý chính và một chi tiết | E6: Chọn đáp án | F6: 2 | G6: Bài 2 | H6: Mỗi câu | I6: Nghe tin ngắn trên radio và nói lại nội dung | J6: Làm được ngay
A7: Nghe | B7: A2-CO-3 | C7: Hiểu radio, phỏng vấn ngắn | D7: Xác định chủ đề, ý kiến đơn giản | E7: Chọn đáp án | F7: 2 | G7: Bài 3 | H7: Mỗi câu | I7: Hiểu người nói thích hay không thích điều gì | J7: Làm được ngay
A8: Nghe | B8: A2-CO-4 | C8: Nhận diện tình huống | D8: Ghép 4 hội thoại với 6 tình huống | E8: Ghép cặp | F8: 2 | G8: Bài 4 | H8: Mỗi hội thoại | I8: Hiểu mục đích một đoạn hội thoại ngắn | J8: Làm được, cần kiểm hình
A9: Nghe | B9: A2-CO-5 | C9: Giữ nhịp qua nhiều tài liệu | D9: Làm chuỗi tài liệu ngắn liên tiếp | E9: Chọn đáp án | F9: 2 | G9: Cả phần nghe | H9: Toàn bài | I9: Lỡ một câu vẫn theo kịp câu sau | J9: Làm được ngay
A10: Nghe | B10: A2-CO-T3 | C10: Làm trọn phần thi có đồng hồ | D10: Mô phỏng phần Nghe: đúng giờ, đúng luật, không gợi ý | E10: Phần thi thu nhỏ | F10: 2 | G10: Cả phần thi | H10: Quy về thang điểm của đề | I10: Biết mình đang ở mức bao nhiêu điểm trước khi thi thử thật | J10: Cần thêm tính năng
A11: Đọc | B11: A2-CE-1 | C11: Hiểu thư, email đời sống | D11: Tìm mục đích người viết và yêu cầu | E11: Chọn đáp án | F11: 3 | G11: Tài liệu thư | H11: Mỗi câu | I11: Biết người viết muốn gì ở mình | J11: Làm được ngay
A12: Đọc | B12: A2-CE-2 | C12: Đọc quảng cáo, chỉ dẫn | D12: Tìm điều kiện, các bước thực hiện | E12: Chọn đáp án | F12: 3 | G12: Tài liệu đời sống | H12: Mỗi câu | I12: Làm theo hướng dẫn viết | J12: Làm được ngay
A13: Đọc | B13: A2-CE-3 | C13: Tra bảng, lịch trình | D13: So sánh các lựa chọn | E13: Chọn đáp án, Bảng tick | F13: 2 | G13: Tài liệu dạng bảng | H13: Mỗi câu | I13: Chọn được phương án phù hợp | J13: Làm được ngay
A14: Đọc | B14: A2-CE-4 | C14: Hiểu bài báo ngắn | D14: Tìm ý chính và chi tiết | E14: Chọn đáp án | F14: 2 | G14: Bài báo ngắn | H14: Mỗi câu | I14: Tóm được nội dung bài báo đơn giản | J14: Làm được ngay
A15: Đọc | B15: A2-CE-5 | C15: Nhận ra cách nói khác | D15: Đáp án đổi từ so với văn bản | E15: Chọn đáp án | F15: 2 | G15: Mọi tài liệu | H15: Câu có bẫy | I15: Không chọn nhầm đáp án chỉ vì trùng chữ | J15: Làm được ngay
A16: Đọc | B16: A2-CE-T3 | C16: Làm trọn phần thi có đồng hồ | D16: Mô phỏng phần Đọc: đúng giờ, đúng luật, không gợi ý | E16: Phần thi thu nhỏ | F16: 2 | G16: Cả phần thi | H16: Quy về thang điểm của đề | I16: Biết mình đang ở mức bao nhiêu điểm trước khi thi thử thật | J16: Cần thêm tính năng
... A27: Nói | B27: A2-PO-T3 | C27: Làm trọn phần thi có đồng hồ | D27: Mô phỏng phần Nói: đúng giờ, đúng luật, không gợi ý | E27: Phần thi thu nhỏ | F27: 2 | G27: Cả phần thi | H27: Quy về thang điểm của đề | I27: Biết mình đang ở mức bao nhiêu điểm trước khi thi thử thật | J27: Cần thêm tính năng
A28: Tổng | F28: =SUM(F5:F27) -> 46

Sheet B1
A1: DELF B1: kỹ năng nhỏ cần có
A2: Hiểu ý chính và nêu được quan điểm có lý do.
A3: Thi viết 1 giờ 55, nói 10–15 phút. Điều kiện đậu: Từ 50/100, mỗi kỹ năng từ 5/25.
A4: Kỹ năng lớn | B4: Mã | C4: Kỹ năng nhỏ cần có | D4: Luyện bằng bài tập gì | E4: Dạng bài trong app | F4: Số bài | G4: Dùng ở phần nào của đề | H4: Điểm hoặc tiêu chí chấm | I4: Luyện xong làm được gì | J4: App làm được chưa
A5: Nghe | B5: B1-CO-1 | C5: Bắt ý tổng quát sau lần nghe đầu | D5: Xác định chủ đề, người nói, mục đích | E5: Chọn đáp án | F5: 2 | G5: Câu đầu mỗi bài | H5: Mỗi câu | I5: Nghe một lần đã biết tài liệu nói về gì | J5: Làm được ngay
A6: Nghe | B6: B1-CO-2 | C6: Bắt chi tiết đúng chủ thể | D6: Ai nói gì, số liệu nào trả lời câu hỏi | E6: Chọn đáp án | F6: 3 | G6: Toàn bài | H6: Mỗi câu | I6: Không nhầm người nói, không nhầm con số | J6: Làm được ngay
A7: Nghe | B7: B1-CO-3 | C7: Nhận thái độ người nói | D7: Đồng ý, nghi ngờ, phàn nàn | E7: Chọn đáp án | F7: 2 | G7: Câu thái độ | H7: Mỗi câu | I7: Nghe ra người nói đang nghĩ gì | J7: Làm được ngay
A8: Nghe | B8: B1-CO-4 | C8: Hiểu radio về nghề nghiệp | D8: Nghe phỏng vấn, bản tin nghề nghiệp | E8: Chọn đáp án | F8: 2 | G8: Bài nghề nghiệp | H8: Mỗi câu | I8: Quen từ vựng công việc | J8: Làm được ngay
A9: Nghe | B9: B1-CO-5 | C9: Hiểu radio chủ đề thông thường | D9: Nghe chương trình xã hội, đời sống | E9: Chọn đáp án | F9: 2 | G9: Bài chủ đề chung | H9: Mỗi câu | I9: Theo được chương trình radio phổ thông | J9: Làm được ngay
A10: Nghe | B10: B1-CO-6 | C10: Ghi chú khi nghe | D10: Ghi từ khoá ra nháp, rồi chọn đáp án | E10: Điền từ, Chọn đáp án | F10: 1 | G10: Mọi bài dài | H10: Hỗ trợ cả phần | I10: Tận dụng đúng hai lần nghe | J10: Làm được ngay
A11: Nghe | B11: B1-CO-T3 | C11: Làm trọn phần thi có đồng hồ | D11: Mô phỏng phần Nghe: đúng giờ, đúng luật, không gợi ý | E11: Phần thi thu nhỏ | F11: 2 | G11: Cả phần thi | H11: Quy về thang điểm của đề | I11: Biết mình đang ở mức bao nhiêu điểm trước khi thi thử thật | J11: Cần thêm tính năng
A12: Đọc | B12: B1-CE-1 | C12: Tìm thông tin để giải quyết nhiệm vụ | D12: Đối chiếu tài liệu với bảng tick | E12: Bảng tick, Chọn đáp án | F12: 3 | G12: Bài 1 | H12: Bài 1 | I12: Đọc lướt có mục tiêu, không đọc từng chữ | J12: Làm được ngay
A13: Đọc | B13: B1-CE-2 | C13: Nắm ý chính bài báo | D13: Tìm chủ đề và ý từng đoạn | E13: Chọn đáp án | F13: 2 | G13: Bài 2, 3 | H13: Mỗi câu | I13: Tóm được bài báo phổ thông | J13: Làm được ngay
A14: Đọc | B14: B1-CE-3 | C14: Đúng/sai có trích dẫn | D14: Chọn và chép câu làm bằng chứng | E14: Đúng/Sai, Điền từ | F14: 2 | G14: Bài báo | H14: Mỗi câu | I14: Chỉ ra được bằng chứng trong bài | J14: Làm được ngay
A15: Đọc | B15: B1-CE-4 | C15: Suy luận, đoán từ theo ngữ cảnh | D15: Làm câu không có từ trùng văn bản | E15: Chọn đáp án | F15: 2 | G15: Câu khó | H15: Mỗi câu | I15: Không bí khi gặp từ mới | J15: Làm được ngay
A16: Đọc | B16: B1-CE-5 | C16: Theo dõi lập luận | D16: Hiểu vai trò của pourtant, donc, en effet | E16: Chọn đáp án | F16: 1 | G16: Bài báo | H16: Mỗi câu | I16: Thấy được tác giả đang chuyển ý thế nào | J16: Làm được ngay
... A29: Nói | B29: B1-PO-T3 | C29: Làm trọn phần thi có đồng hồ | D29: Mô phỏng phần Nói: đúng giờ, đúng luật, không gợi ý | E29: Phần thi thu nhỏ | F29: 2 | G29: Cả phần thi | H29: Quy về thang điểm của đề | I29: Biết mình đang ở mức bao nhiêu điểm trước khi thi thử thật | J29: Cần thêm tính năng
A30: Tổng | F30: =SUM(F5:F29) -> 50

Sheet B2
A1: DELF B2: kỹ năng nhỏ cần có
A2: Hiểu tài liệu dài, lập luận và bảo vệ quan điểm.
A3: Thi viết 2 giờ 30, nói 20 phút. Điều kiện đậu: Từ 50/100, mỗi kỹ năng từ 5/25.
A4: Kỹ năng lớn | B4: Mã | C4: Kỹ năng nhỏ cần có | D4: Luyện bằng bài tập gì | E4: Dạng bài trong app | F4: Số bài | G4: Dùng ở phần nào của đề | H4: Điểm hoặc tiêu chí chấm | I4: Luyện xong làm được gì | J4: App làm được chưa
A5: Nghe | B5: B2-CO-1 | C5: Ghi chú tài liệu dài | D5: Nghe bài nói, phóng sự và ghi cấu trúc | E5: Điền từ, Chọn đáp án | F5: 3 | G5: Bài 1, 2 | H5: 9 điểm mỗi bài | I5: Theo được tài liệu dài mà không cần hiểu từng từ | J5: Làm được ngay
A6: Nghe | B6: B2-CO-2 | C6: Hiểu sau một lần nghe | D6: Nghe tin ngắn, phỏng vấn ngắn | E6: Chọn đáp án | F6: 2 | G6: Bài 3 | H6: 7 điểm | I6: Không mất bình tĩnh khi chỉ được nghe một lần | J6: Làm được ngay
A7: Nghe | B7: B2-CO-3 | C7: Nhận hàm ý, thái độ | D7: Nhận ra mỉa mai, dè dặt, phê phán | E7: Chọn đáp án | F7: 2 | G7: Câu khó | H7: Mỗi câu | I7: Nghe ra điều người nói không nói thẳng | J7: Làm được ngay
A8: Nghe | B8: B2-CO-4 | C8: Theo dõi lập luận | D8: Tìm luận điểm, phản đề, ví dụ | E8: Chọn đáp án | F8: 2 | G8: Bài 1, 2 | H8: Mỗi câu | I8: Hiểu cách người nói xây lập luận | J8: Làm được ngay
A9: Nghe | B9: B2-CO-5 | C9: Hiểu từ theo ngữ cảnh | D9: Thành ngữ và từ trừu tượng | E9: Chọn đáp án | F9: 1 | G9: Cả phần nghe | H9: Mỗi câu | I9: Đoán nghĩa từ khó ngay khi nghe | J9: Làm được ngay
A10: Nghe | B10: B2-CO-T3 | C10: Làm trọn phần thi có đồng hồ | D10: Mô phỏng phần Nghe: đúng giờ, đúng luật, không gợi ý | E10: Phần thi thu nhỏ | F10: 2 | G10: Cả phần thi | H10: Quy về thang điểm của đề | I10: Biết mình đang ở mức bao nhiêu điểm trước khi thi thử thật | J10: Cần thêm tính năng
A11: Đọc | B11: B2-CE-1 | C11: Đọc cấu trúc bài nghị luận | D11: Tìm luận điểm, phản đề, kết luận | E11: Chọn đáp án | F11: 3 | G11: Bài 1, 2 | H11: 9 điểm mỗi bài | I11: Đọc theo lập luận thay vì đọc chữ | J11: Làm được ngay
A12: Đọc | B12: B2-CE-2 | C12: Suy luận ý ngầm | D12: Đáp án không trùng từ văn bản | E12: Chọn đáp án | F12: 2 | G12: Câu khó | H12: Mỗi câu | I12: Hiểu ý tác giả không viết thẳng | J12: Làm được ngay
A13: Đọc | B13: B2-CE-3 | C13: Ghép ý kiến trên diễn đàn | D13: So sánh nhiều quan điểm | E13: Ghép cặp, Chọn đáp án | F13: 3 | G13: Bài 3 | H13: 7 điểm | I13: Phân biệt ai nghĩ gì trong nhiều ý kiến | J13: Làm được, cần kiểm hình
A14: Đọc | B14: B2-CE-4 | C14: Phân biệt sắc thái | D14: Chắc chắn, giả định, nhượng bộ | E14: Chọn đáp án | F14: 1 | G14: Cả phần đọc | H14: Mỗi câu | I14: Không hiểu nhầm mức độ khẳng định | J14: Làm được ngay
A15: Đọc | B15: B2-CE-5 | C15: Phân bổ 60 phút | D15: Làm liên tiếp ba văn bản có đồng hồ | E15: Chọn đáp án | F15: 1 | G15: Cả phần đọc | H15: Toàn bài | I15: Không hết giờ ở bài cuối | J15: Làm được ngay
A16: Đọc | B16: B2-CE-T3 | C16: Làm trọn phần thi có đồng hồ | D16: Mô phỏng phần Đọc: đúng giờ, đúng luật, không gợi ý | E16: Phần thi thu nhỏ | F16: 2 | G16: Cả phần thi | H16: Quy về thang điểm của đề | I16: Biết mình đang ở mức bao nhiêu điểm trước khi thi thử thật | J16: Cần thêm tính năng
... A27: Nói | B27: B2-PO-T3 | C27: Làm trọn phần thi có đồng hồ | D27: Mô phỏng phần Nói: đúng giờ, đúng luật, không gợi ý | E27: Phần thi thu nhỏ | F27: 2 | G27: Cả phần thi | H27: Quy về thang điểm của đề | I27: Biết mình đang ở mức bao nhiêu điểm trước khi thi thử thật | J27: Cần thêm tính năng
A28: Tổng | F28: =SUM(F5:F27) -> 48

Sheet C1
A1: DALF C1: kỹ năng nhỏ cần có
A2: Hiểu tài liệu học thuật dài, tổng hợp nhiều nguồn và lập luận có sắc thái.
A3: Thi viết 4 giờ, nói 30 phút. Điều kiện đậu: Từ 50/100, mỗi kỹ năng từ 5/25.
A4: Kỹ năng lớn | B4: Mã | C4: Kỹ năng nhỏ cần có | D4: Luyện bằng bài tập gì | E4: Dạng bài trong app | F4: Số bài | G4: Dùng ở phần nào của đề | H4: Điểm hoặc tiêu chí chấm | I4: Luyện xong làm được gì | J4: App làm được chưa
A5: Nghe | B5: C1-CO-1 | C5: Ghi chú tài liệu dài | D5: Nghe hội thảo, phỏng vấn dài và ghi cấu trúc | E5: Điền từ, Chọn đáp án | F5: 3 | G5: Tài liệu dài | H5: Mỗi câu | I5: Giữ mạch một bài nói 8 phút | J5: Làm được ngay
A6: Nghe | B6: C1-CO-2 | C6: Hiểu tài liệu ngắn sau một lần nghe | D6: Nghe tin, quảng cáo, phát biểu ngắn | E6: Chọn đáp án | F6: 2 | G6: Tài liệu ngắn | H6: Mỗi câu | I6: Bắt ý ngay ở lần nghe duy nhất | J6: Làm được ngay
A7: Nghe | B7: C1-CO-3 | C7: Nhận lập trường và giọng điệu | D7: Tìm hàm ý, mỉa mai, mức đồng tình | E7: Chọn đáp án | F7: 2 | G7: Câu khó | H7: Mỗi câu | I7: Nghe được thái độ ẩn sau lời nói | J7: Làm được ngay
A8: Nghe | B8: C1-CO-4 | C8: Hiểu lập luận chuyên sâu | D8: Nghe tranh luận, trình bày học thuật | E8: Chọn đáp án | F8: 2 | G8: Tài liệu dài | H8: Mỗi câu | I8: Theo được ý trừu tượng | J8: Làm được ngay
A9: Nghe | B9: C1-CO-5 | C9: Trả lời bằng lời của mình | D9: Diễn đạt lại ngắn gọn ý vừa nghe | E9: Điền từ | F9: 1 | G9: Câu trả lời ngắn | H9: Mỗi câu | I9: Không chép nguyên văn khi trả lời | J9: Làm được ngay
A10: Nghe | B10: C1-CO-T3 | C10: Làm trọn phần thi có đồng hồ | D10: Mô phỏng phần Nghe: đúng giờ, đúng luật, không gợi ý | E10: Phần thi thu nhỏ | F10: 2 | G10: Cả phần thi | H10: Quy về thang điểm của đề | I10: Biết mình đang ở mức bao nhiêu điểm trước khi thi thử thật | J10: Cần thêm tính năng
A11: Đọc | B11: C1-CE-1 | C11: Đọc văn bản dài có chiều sâu | D11: Tìm cấu trúc, luận điểm từng phần | E11: Chọn đáp án | F11: 3 | G11: Toàn bài | H11: Mỗi câu | I11: Nắm được bài dài trong thời gian ngắn | J11: Làm được ngay
A12: Đọc | B12: C1-CE-2 | C12: Nhận dụng ý và ẩn ý | D12: Tìm ý tác giả không nói thẳng | E12: Chọn đáp án | F12: 3 | G12: Câu khó | H12: Mỗi câu | I12: Hiểu lập trường của tác giả | J12: Làm được ngay
A13: Đọc | B13: C1-CE-3 | C13: Diễn đạt lại bằng lời của mình | D13: Viết lại ý chính, không chép câu | E13: Điền từ, Viết tự do + AI nhận xét | F13: 2 | G13: Câu trả lời ngắn | H13: Mỗi câu | I13: Trả lời đúng ý, không chép | J13: Cần thêm tính năng
A14: Đọc | B14: C1-CE-4 | C14: Từ học thuật trong ngữ cảnh | D14: Giải nghĩa từ khó theo văn cảnh | E14: Chọn đáp án | F14: 1 | G14: Toàn bài | H14: Mỗi câu | I14: Đọc được từ vựng học thuật | J14: Làm được ngay
A15: Đọc | B15: C1-CE-5 | C15: Phân bổ 50 phút | D15: Làm trọn một văn bản dài có đồng hồ | E15: Chọn đáp án | F15: 1 | G15: Toàn bài | H15: Toàn bài | I15: Không hết giờ khi đọc bài dài | J15: Làm được ngay
A16: Đọc | B16: C1-CE-T3 | C16: Làm trọn phần thi có đồng hồ | D16: Mô phỏng phần Đọc: đúng giờ, đúng luật, không gợi ý | E16: Phần thi thu nhỏ | F16: 2 | G16: Cả phần thi | H16: Quy về thang điểm của đề | I16: Biết mình đang ở mức bao nhiêu điểm trước khi thi thử thật | J16: Cần thêm tính năng
... A28: Nói | B28: C1-PO-T3 | C28: Làm trọn phần thi có đồng hồ | D28: Mô phỏng phần Nói: đúng giờ, đúng luật, không gợi ý | E28: Phần thi thu nhỏ | F28: 2 | G28: Cả phần thi | H28: Quy về thang điểm của đề | I28: Biết mình đang ở mức bao nhiêu điểm trước khi thi thử thật | J28: Cần thêm tính năng
A29: Tổng | F29: =SUM(F5:F28) -> 50

Sheet C2
A1: DALF C2: kỹ năng nhỏ cần có
A2: Dùng tiếng Pháp gần như người bản xứ có học vấn: tổng hợp, phê phán, tranh luận.
A3: Viết 3 giờ 30, nói 30 phút (1 giờ chuẩn bị). Điều kiện đậu: Từ 50/100, mỗi phần từ 10/50.
A4: Kỹ năng lớn | B4: Mã | C4: Kỹ năng nhỏ cần có | D4: Luyện bằng bài tập gì | E4: Dạng bài trong app | F4: Số bài | G4: Dùng ở phần nào của đề | H4: Điểm hoặc tiêu chí chấm | I4: Luyện xong làm được gì | J4: App làm được chưa
A5: Nghe | B5: C2-CO-1 | C5: Ghi chú tài liệu rất dài | D5: Nghe khoảng 15 phút, ghi đủ cấu trúc | E5: Điền từ | F5: 3 | G5: Trước khi nói | H5: Hỗ trợ phần nói | I5: Giữ được toàn bộ nội dung để trình bày lại | J5: Làm được ngay
A6: Nghe | B6: C2-CO-2 | C6: Hiểu nhiều giọng, tốc độ tự nhiên | D6: Nghe phát thanh, tranh luận thật | E6: Chọn đáp án | F6: 2 | G6: Trước khi nói | H6: Hỗ trợ phần nói | I6: Không bị khó vì giọng hay tốc độ | J6: Làm được ngay
A7: Nghe | B7: C2-CO-3 | C7: Nắm lập luận và sắc thái | D7: Tìm luận điểm, giọng điệu, chủ ý | E7: Chọn đáp án | F7: 2 | G7: Trước khi nói | H7: Hỗ trợ phần nói | I7: Hiểu cả điều người nói ngụ ý | J7: Làm được ngay
A8: Nghe | B8: C2-CO-4 | C8: Phân biệt ý chính và ý phụ | D8: Chọn ý đưa vào bài tóm tắt | E8: Chọn đáp án | F8: 1 | G8: Trước khi nói | H8: Hỗ trợ phần nói | I8: Tóm tắt đúng trọng tâm | J8: Làm được ngay
A9: Nghe | B9: C2-CO-T3 | C9: Làm trọn phần thi có đồng hồ | D9: Mô phỏng phần Nghe: đúng giờ, đúng luật, không gợi ý | E9: Phần thi thu nhỏ | F9: 2 | G9: Cả phần thi | H9: Quy về thang điểm của đề | I9: Biết mình đang ở mức bao nhiêu điểm trước khi thi thử thật | J9: Cần thêm tính năng
A10: Đọc | B10: C2-CE-1 | C10: Đọc nhanh hồ sơ dài | D10: Xử lý bộ tài liệu khoảng 2.000 từ | E10: Chọn đáp án | F10: 3 | G10: Trước khi viết | H10: Hỗ trợ phần viết | I10: Nắm nhanh một hồ sơ dài | J10: Làm được ngay
A11: Đọc | B11: C2-CE-2 | C11: So sánh quan điểm các nguồn | D11: Tìm đồng thuận, mâu thuẫn | E11: Bảng tick, Chọn đáp án | F11: 3 | G11: Trước khi viết | H11: Hỗ trợ phần viết | I11: Thấy được các nguồn khác nhau ở đâu | J11: Làm được ngay
A12: Đọc | B12: C2-CE-3 | C12: Chọn thông tin theo nhiệm vụ | D12: Lọc ý phù hợp mục đích bài viết | E12: Chọn đáp án | F12: 2 | G12: Trước khi viết | H12: Hỗ trợ phần viết | I12: Chỉ giữ thông tin cần cho bài | J12: Làm được ngay
A13: Đọc | B13: C2-CE-T3 | C13: Làm trọn phần thi có đồng hồ | D13: Mô phỏng phần Đọc: đúng giờ, đúng luật, không gợi ý | E13: Phần thi thu nhỏ | F13: 2 | G13: Cả phần thi | H13: Quy về thang điểm của đề | I13: Biết mình đang ở mức bao nhiêu điểm trước khi thi thử thật | J13: Cần thêm tính năng
A14: Viết | B14: C2-PE-1 | C14: Xác định thể loại và vai người viết | D14: Xã luận, báo cáo, diễn văn, thư ngỏ | E14: Viết tự do + AI nhận xét | F14: 3 | G14: Phân tích đề | H14: Chưa có thang chấm C2 trong app | I14: Viết đúng vai, đúng người đọc | J14: Cần thêm tính năng
A15: Viết | B15: C2-PE-2 | C15: Viết bài lớn dựa trên hồ sơ | D15: Dùng tài liệu làm bằng chứng | E15: Viết tự do + AI nhận xét | F15: 3 | G15: Bài viết | H15: Chưa có thang chấm C2 trong app | I15: Viết bài dài có cấu trúc chặt | J15: Cần thêm tính năng
A16: Viết | B16: C2-PE-3 | C16: Lập luận và văn phong cao | D16: Viết sắc bén, giàu sắc thái | E16: Viết tự do + AI nhận xét | F16: 2 | G16: Bài viết | H16: Chưa có thang chấm C2 trong app | I16: Văn phong tự nhiên, chính xác | J16: Cần thêm tính năng
... A21: Nói | B21: C2-PO-T3 | C21: Làm trọn phần thi có đồng hồ | D21: Mô phỏng phần Nói: đúng giờ, đúng luật, không gợi ý | E21: Phần thi thu nhỏ | F21: 2 | G21: Cả phần thi | H21: Quy về thang điểm của đề | I21: Biết mình đang ở mức bao nhiêu điểm trước khi thi thử thật | J21: Cần thêm tính năng
A22: Tổng | F22: =SUM(F5:F21) -> 40
